Year,Algeria,Benin,Botswana,Burkina Faso,Burundi,Cameroon,Central African Republic,Chad,Eswatini,Ethiopia,Gabon,Ghana,Kenya,Lesotho,Liberia,Libya,Madagascar,Mauritius,Morocco,Niger,Nigeria,Rwanda,Senegal,Seychelles,Sierra Leone,Somalia,South Africa,Sudan,Tanzania,Togo,Uganda,Zambia,Zimbabwe
1960,2723615451.0,226195578.4,30411413.66,330442815.8,195999990.0,614206068.5,112155598.5,313582728.1,35076845.97,1610511694.0,141468977.8,1223943662.0,791265459.5,34579986.17,190495600.0,401644248.8,673081724.8,162089563.9,2037154742.0,449526873.3,4196174502.0,119000024.0,1003692370.0,12012024.62,322151470.6,180459936.8,8748596501.0,1127011494.0,2651729807.0,171057069.1,423008385.7,713000000.0,1052990400.0
1961,2434747056.0,235668220.5,32902612.87,350247234.3,202999992.0,652777608.3,123134583.5,333975336.1,43026042.79,1680859514.0,167637907.1,1309859155.0,792959472.8,35699985.72,183920900.0,443905611.6,699161944.6,191757729.4,2025693540.0,485785231.0,4467287893.0,122000016.0,1058975257.0,11592023.76,327979248.4,191659914.4,9225996310.0,1223563218.0,2826179031.0,178497098.3,441524109.0,696285714.3,1096646600.0
1962,2001444544.0,236434954.0,35644956.64,379567099.2,213500006.0,694247864.4,124482773.8,357635713.4,45927961.63,1747566307.0,182796536.3,1390140845.0,868111400.8,41859983.26,191861800.0,619725784.7,739286907.6,197738207.8,2379611125.0,531736599.3,4909399176.0,125000008.0,1085475791.0,12642025.92,342872712.4,203531927.5,9813996074.0,1329022989.0,3101589993.0,186745757.9,449012578.6,693142857.1,1117601600.0
1963,2702982018.0,253927697.3,38091842.85,394040667.1,232749998.0,718320845.0,129379123.8,371767002.2,54129438.35,1825058828.0,154480244.1,1549295775.0,926589349.4,47039981.18,200229600.0,892327911.1,759345863.7,253839557.9,2657252578.0,586294878.7,5165590254.0,128000000.0,1122139862.0,13923028.54,348700653.6,216145935.9,10854195658.0,1352011494.0,3456579293.0,202305865.2,516147798.7,718714285.7,1159511700.0
1964,2909316435.0,269819005.9,41616347.79,410321645.0,260750008.0,776650176.9,142025078.7,392247517.7,64980554.01,1984129185.0,215679855.3,1740845070.0,998759334.5,51939979.22,218929100.0,1341395422.0,802482183.7,218914569.1,2798345299.0,582816396.4,5552931319.0,129999994.0,1188930645.0,15393031.56,372012091.5,229529912.7,11955995218.0,1389080460.0,3748840925.0,234572186.5,589056603.8,839428571.4,1217138000.0
1965,3136284307.0,289908680.4,45788696.33,422916789.7,158994963.0,814083265.5,150574795.4,416926303.3,70279971.89,2159998591.0,226474285.8,2064788732.0,997919320.8,54879978.05,229260800.0,1804979679.0,833563473.0,230024160.6,2948331090.0,673383510.8,5874537650.0,148799980.0,1210058228.0,15603031.99,359523809.5,243725898.0,13068994772.0,1447701149.0,3817226546.0,264505506.0,884502310.0,1082857143.0,1311435800.0
1966,3039859187.0,302925235.2,51465655.39,433889766.2,165444571.4,851112534.6,157930018.1,432794921.7,76859969.26,2324466416.0,245849781.3,2138028169.0,1164519674.0,56699977.32,244459500.0,2312438535.0,900264584.6,227534083.5,2876401297.0,702296078.6,6366917453.0,124525702.9,1246908186.0,16443033.71,375630252.1,257375897.0,14211394315.0,1485344828.0,4377998825.0,305227594.8,925381492.4,1264285714.0,1281749500.0
1967,3370870376.0,306221953.1,58642354.09,450753923.5,178297142.9,936175260.0,163820513.6,449826322.6,74759970.1,2461762003.0,271543680.0,1748837209.0,1232559507.0,59261976.3,261024300.0,2726986913.0,956436932.1,238439290.9,3046345314.0,665586872.3,5203237919.0,159560018.0,1246480766.0,16632032.13,348895027.6,271781886.8,15821393671.0,1608333333.0,4565132047.0,327215843.6,967240655.2,1368000000.0,1397002000.0
1968,3852147027.0,326323105.3,66248441.42,460442689.4,183200000.0,1046191218.0,191767441.6,453980096.2,79799968.08,2619948865.0,294468564.2,1666666667.0,1353295459.0,61445975.42,276820700.0,3850623096.0,1031669637.0,206576630.6,3271422333.0,641214226.2,5200997920.0,172200018.0,1309384862.0,16074027.65,329991956.8,286719885.3,17124793150.0,1678735632.0,4895251824.0,341691567.5,1037379252.0,1605857143.0,1479599900.0
1969,4257253264.0,330748244.5,77361546.51,478298645.4,190205714.3,1100551489.0,188039210.1,471635621.6,105419957.8,2768987372.0,318124701.5,1961764706.0,1458379417.0,65967973.61,306961800.0,4380987480.0,1056391056.0,221553612.9,3651622669.0,625867985.3,6634317346.0,188700037.0,1245234931.0,16452028.3,408853541.4,306357284.6,19256992297.0,1848563218.0,5142066811.0,378091809.6,1168556629.0,1965714286.0,1747998800.0
1970,4863526897.0,333627713.5,96243233.66,458404268.8,242732571.4,1151216993.0,189106529.2,469266736.7,112139955.1,3045354455.0,323802475.5,2214705882.0,1603447359.0,68739972.5,323099700.0,4601649450.0,1111859571.0,224125805.0,3956336244.0,649916621.2,12546094982.0,219900006.0,1297407655.0,18432031.7,434584033.6,347985394.3,21218391513.0,2101436782.0,2851419386.0,358665753.9,1259554809.0,1825285714.0,1884206300.0
1971,5077183094.0,335073027.5,127448613.5,482411179.1,252842285.7,1236941394.0,201450799.8,501866730.1,136462080.7,3224280835.0,381687072.6,2427184466.0,1778391289.0,76480285.0,341543100.0,5260185126.0,1199507631.0,251437337.9,4356669034.0,693573703.6,9181769912.0,222952504.4,1339549033.0,21965950.77,419495908.5,347039445.7,23411076638.0,2289655172.0,3050673517.0,404648367.8,1417191656.0,1687000000.0,2178716300.0
1972,6766743957.0,410331857.0,164460915.0,578595522.0,246804571.4,1498251890.0,230317883.4,585427546.8,146736479.2,3520252938.0,430508358.5,2116541353.0,2107279157.0,80913200.43,368098000.0,6299395545.0,1341590690.0,318664899.7,5074117545.0,742779660.8,12274416018.0,246457838.3,1620857104.0,30645122.92,465254432.0,447883941.2,24515919217.0,2484482759.0,3472787266.0,474043921.8,1490970181.0,1873249300.0,2677729400.0
1973,8707858912.0,504376074.2,244124164.0,674773569.9,304339839.6,1901393361.0,271183082.0,647199483.0,221915127.6,4070570550.0,722780701.3,3018103448.0,2509001324.0,121188715.8,386968300.0,8625889431.0,1653062335.0,404285775.1,6242145880.0,946385105.2,15162871287.0,290746157.1,1863398590.0,36896280.48,575471323.5,483699610.6,33262772008.0,3079022989.0,4144104535.0,574030984.0,1701829789.0,2435736196.0,3309353600.0
1974,13209871626.0,554654860.7,306044207.5,751133430.4,345263492.1,2157415533.0,281398705.6,652532795.1,264320941.0,4577209966.0,1544216002.0,2894409938.0,2969958812.0,150851316.5,486955000.0,15112543718.0,1917508190.0,669894029.6,7675466449.0,1026137111.0,24846641318.0,308458423.2,2099325229.0,43134496.16,648940350.9,572504035.9,41389186095.0,3961206897.0,4977337978.0,791450308.4,2098944967.0,2913063764.0,3982161400.0
1975,15557902754.0,676870140.3,355168571.5,939972703.5,420986666.7,2857037371.0,378660016.3,864602104.7,288299788.5,4577047854.0,2157592940.0,2810106383.0,3259345083.0,149558895.9,577549300.0,14710912457.0,2283049215.0,673311287.1,8984853005.0,1048690933.0,27778934625.0,571863500.2,2830388405.0,47803145.95,679352433.6,757015878.8,42906905672.0,4825862069.0,5729917840.0,871781686.9,2359555556.0,2443545879.0,4371300700.0
1976,17728240932.0,698408261.9,372025093.0,976547188.1,448412753.6,2898090002.0,451152461.3,866044962.0,272550068.1,4943806093.0,3009409974.0,2765254237.0,3474542392.0,147660036.9,596675700.0,19096943016.0,2181844179.0,713510051.6,9584297284.0,1064517601.0,36308883249.0,637753853.1,2869777884.0,49278981.76,594810152.7,871344245.1,41150460288.0,6016666667.0,6472511988.0,874681611.9,2447300000.0,2742796006.0,4318372000.0
1977,20972113685.0,750049778.8,451624780.3,1131224878.0,547535555.6,3394664024.0,507298147.5,935360464.7,304060076.0,5651840585.0,2809349069.0,3189428571.0,4494378764.0,193315048.3,673010600.0,22428297108.0,2358930406.0,834722972.2,11049783872.0,1291458041.0,36035407725.0,746650613.0,2938046463.0,64526401.46,692079581.2,498550724.6,45328411332.0,7503448276.0,7732598995.0,1097893826.0,2936470588.0,2514430380.0,4364382100.0
1978,26364491313.0,928843469.4,590407374.4,1475583645.0,610225555.6,4662852583.0,610578632.0,1113920124.0,340630085.2,6014961435.0,2389479272.0,3662478185.0,5303735111.0,266570066.6,717240400.0,22136422642.0,2669755115.0,1029040323.0,13236946234.0,1774365590.0,36527862209.0,905709076.4,3280354921.0,85552365.8,960765043.0,564571823.2,51607412902.0,8138461538.0,9261675710.0,1164025637.0,2420260870.0,2809862672.0,4351600500.0
1979,33243706860.0,1186231020.0,819870258.8,1748480621.0,782496666.7,5919002983.0,700764747.8,1004316496.0,412093133.8,6586048398.0,3030251120.0,4020227920.0,6234391113.0,290134592.5,814067900.0,30536429498.0,3463565854.0,1227446632.0,15911994817.0,2109277666.0,47259911894.0,1109346131.0,4084877823.0,127261099.2,1109343236.0,589566929.1,63038658089.0,8421678322.0,9804637491.0,1259365712.0,2139025000.0,3354854981.0,5177459400.0
1980,42345829079.0,1405251847.0,1060889704.0,1928719888.0,919726666.7,6674569047.0,797048198.5,1033002404.0,541976852.6,7012585454.0,4279637942.0,4445228216.0,7265315820.0,431542536.7,854711500.0,40953924949.0,5201818348.0,1147027924.0,21728516153.0,2508524721.0,64201788123.0,1254765642.0,4510108291.0,156783829.5,1100476190.0,602515548.5,89411864402.0,8951800000.0,11409228087.0,1604836916.0,1244610000.0,3882889734.0,6678868200.0
1981,44348590461.0,1291120188.0,1073812830.0,1775842334.0,969046666.7,6610938617.0,694803622.9,876937558.3,570774824.8,7507663566.0,3862269121.0,4222441860.0,6854491706.0,434188034.2,846514500.0,36374353880.0,4759333998.0,1157769444.0,17788185479.0,2170893414.0,164475000000.0,1407062527.0,4095892781.0,163750728.2,1114926661.0,699302473.1,93141472164.0,10751162791.0,13161540378.0,1359026709.0,1337300000.0,4006206897.0,8011373800.0
1982,45207167470.0,1267778670.0,1014945696.0,1754450096.0,1013222222.0,6611255964.0,748312390.8,834369859.7,537568059.4,7899988841.0,3618007841.0,4035994398.0,6431579357.0,348741683.7,863933200.0,33760146992.0,4784977326.0,1092923636.0,17692276734.0,2017612216.0,142769000000.0,1407243139.0,4013951443.0,157211789.7,1294995964.0,774578932.0,85904057409.0,8735294118.0,13927383240.0,1160337039.0,2177500000.0,3870075350.0,8539700700.0
1983,48801369800.0,1095348199.0,1172230397.0,1600278605.0,1082926304.0,6870200010.0,658679332.7,832415806.0,555336145.8,8781664427.0,3391275732.0,4057275132.0,5979198314.0,386699308.9,823374900.0,33200520140.0,4686457031.0,1104956573.0,16251408128.0,1803099561.0,97094911792.0,1479687587.0,3569356125.0,156098237.0,995278514.6,735408641.8,96204110942.0,8230153846.0,14049883809.0,1081387265.0,2240333333.0,3321048451.0,7764067000.0
1984,53698548293.0,1051134009.0,1240822167.0,1459880132.0,987143931.2,7311938026.0,637820670.3,919103734.9,494483408.9,8298309581.0,3561451561.0,4412279843.0,6191437070.0,333163670.3,848478300.0,29476109152.0,3905938481.0,1054564759.0,14824667954.0,1461243326.0,73484359521.0,1587413084.0,3485165432.0,160992921.0,1087450199.0,787434541.7,84870163366.0,10447615385.0,12906635133.0,1014170069.0,3615647477.0,2719801434.0,6352125900.0
1985,57937868670.0,1045712789.0,1114783343.0,1552493196.0,1149979286.0,8544810498.0,864849836.3,1033069709.0,360079419.4,9717392687.0,3339914757.0,4504306723.0,6135034214.0,268629925.9,851296100.0,31530566324.0,3802557895.0,1090611325.0,14991283216.0,1440581652.0,73745821158.0,1715626331.0,3818944918.0,179691482.7,856890498.6,875702247.2,64459376087.0,8075347222.0,15328295175.0,1076604520.0,3519695444.0,2252197452.0,5637259300.0
1986,63692007897.0,1336102025.0,1392602164.0,2036303358.0,1201725497.0,11857056199.0,1122265013.0,1067828246.0,449140318.4,10094328898.0,3403638189.0,5735677434.0,7239126568.0,318858423.0,840964400.0,24180400961.0,4347989788.0,1482601552.0,19462085540.0,1904096998.0,54805852581.0,1944710684.0,5392093446.0,221147061.3,490181456.6,916590786.3,73354771399.0,10092200000.0,10840864521.0,1498219579.0,3923244050.0,1664509502.0,6217523700.0
1987,66745818375.0,1562412228.0,1965226890.0,2369834950.0,1131466494.0,13049659981.0,1200991978.0,1163426852.0,584126092.3,10790001558.0,3281797043.0,5074829932.0,7970820369.0,402768324.5,972800000.0,26697659336.0,3212900556.0,1906174438.0,21765195948.0,2233006105.0,52676041931.0,2157432668.0,6487353103.0,265212956.9,660106321.4,1018972664.0,96535763418.0,12093333333.0,7824193222.0,1763978066.0,6269522042.0,2265364009.0,6741215100.0
1988,59089396860.0,1620246084.0,2644554159.0,2616040479.0,1082403219.0,12236057362.0,1264899288.0,1482597298.0,692026454.7,11181119718.0,3834503376.0,5197765032.0,8355380879.0,470395800.6,1038300000.0,24308959592.0,3189456965.0,2163252449.0,25705296184.0,2280356193.0,49648470440.0,2395492687.0,6418419389.0,301985618.1,1055083945.0,1051596967.0,103977000000.0,14372555556.0,7406614407.0,1947208354.0,6508931652.0,3728889427.0,7814784100.0
1989,55634721573.0,1502294416.0,3083822112.0,2615587734.0,1113924130.0,11012566195.0,1233930281.0,1433686312.0,696921542.4,11762932007.0,4186411464.0,5251858440.0,8283114514.0,495409232.6,786300000.0,25156707900.0,3175638333.0,2211312823.0,26314313191.0,2179567114.0,44003061108.0,2405022593.0,6366039373.0,324333366.5,932974411.9,1181360844.0,108056000000.0,21408111111.0,6418799007.0,1910635575.0,5276480799.0,3994585203.0,8286322700.0
1990,62048507531.0,1959965330.0,3790636324.0,3101300779.0,1132101253.0,12314482628.0,1440711459.0,1738605558.0,1114694041.0,12478943895.0,5952293765.0,5889106573.0,8572359038.0,596410263.7,384400000.0,28904183602.0,3931334875.0,2689212760.0,30179954775.0,3512356508.0,54035795388.0,2550185679.0,7390967360.0,392163560.9,649644097.6,1031282081.0,126048000000.0,33641222222.0,6184384225.0,2299665506.0,4304399310.0,3285217391.0,8783816700.0
1991,45715676428.0,1986437797.0,3942876703.0,3135045584.0,1167398478.0,11840192296.0,1377374987.0,1877137982.0,1156135718.0,13799799324.0,5402919785.0,6603185268.0,8151488783.0,704325366.7,348000000.0,31991821265.0,3254713056.0,2895354736.0,32285573574.0,3285796875.0,59526833412.0,1911600237.0,7255210470.0,398307169.9,780098205.2,717974929.8,135204000000.0,44168918919.0,7197768159.0,2262767860.0,3321729160.0,3376791460.0,8641481700.0
1992,48003133347.0,1695315306.0,4146464587.0,3356692505.0,1083037671.0,12071775335.0,1411917553.0,1881847670.0,1284759928.0,10754799037.0,5592390827.0,6416103926.0,8209120763.0,831029861.7,223500000.0,33887047909.0,3714966678.0,3267677814.0,33711069431.0,3386232579.0,52058181854.0,2029026962.0,7769817840.0,461409398.9,679997997.6,709297578.5,146956000000.0,7031909434.0,6681997469.0,2390796916.0,2857457762.0,3181921788.0,6751472200.0
1993,49945584453.0,2274558083.0,4160129175.0,3199536465.0,938632612.0,16181814713.0,1278781262.0,1463251164.0,1357189552.0,9051043870.0,4378645081.0,5968922939.0,5751786643.0,835582062.5,160400000.0,30660051911.0,4063298919.0,3307302126.0,31655473664.0,3052673849.0,56721051402.0,1971525712.0,7367986241.0,504230620.6,768812334.8,1260132956.0,147195000000.0,8881005436.0,6182872708.0,1741944426.0,3220439044.0,3273505344.0,6563813300.0
1994,42543176829.0,1598075944.0,4259259604.0,1895290637.0,925030590.2,8902446252.0,851174356.8,1179837963.0,1419294254.0,7100806754.0,4190819344.0,5446383727.0,7148148564.0,878250945.3,132200000.0,28610549763.0,3522227092.0,3606050873.0,35604137423.0,1938058175.0,80399613064.0,753636370.5,5034588196.0,517570058.2,911915970.7,1481205098.0,153513000000.0,12793794737.0,6550480484.0,1387662121.0,3990430447.0,3656806166.0,6890675000.0
1995,41764291672.0,2169627138.0,4730599122.0,2379517975.0,1000428394.0,10864772471.0,1115389674.0,1445919895.0,1698989464.0,7855205207.0,4958845648.0,6464382808.0,9046320255.0,1001894000.0,134800000.0,25541379187.0,3838100904.0,4094741652.0,39030285468.0,2302537562.0,140920000000.0,1293535193.0,6326342633.0,540733047.7,870758739.4,1534756135.0,171736000000.0,13830363900.0,7631431840.0,1849110468.0,5755818842.0,3806983413.0,7111270700.0
1996,46941554225.0,2361116449.0,4847757218.0,2586550595.0,869033856.3,11093538846.0,1007791127.0,1607345356.0,1602741834.0,8761215548.0,5694040003.0,6932991739.0,12045865396.0,946112492.8,159400000.0,27884615385.0,4931861039.0,4481489762.0,43161571528.0,2405686940.0,185730000000.0,1382334879.0,6559712166.0,535250347.1,941742152.7,1792234297.0,163235000000.0,9018300725.0,9433528150.0,2069506015.0,6044585327.0,3597220962.0,8553146600.0
1997,48177612042.0,2268301646.0,5020265627.0,2447669102.0,972896267.9,10789458433.0,937741513.0,1544689577.0,1716714070.0,8803539988.0,5326817115.0,6891443192.0,13115764358.0,998004258.7,295900000.0,30700897875.0,4262965420.0,4243755308.0,39147844526.0,2290318910.0,200850000000.0,1851558197.0,6041478726.0,598966982.4,850218033.6,2191749014.0,168978000000.0,11681175864.0,11158197942.0,2116818623.0,6269333313.0,4303288480.0,8529571600.0
1998,48187781984.0,2455092686.0,4790481509.0,2804902367.0,893770740.2,11298144990.0,967338389.7,1744794531.0,1576908856.0,8013274132.0,4483417310.0,7482069162.0,14093998844.0,928460893.1,359600000.0,27251301398.0,4401967633.0,4225813976.0,46497608725.0,2643363519.0,218416000000.0,1989343546.0,6505607909.0,647287375.8,672375927.3,2962047564.0,152983000000.0,11250221537.0,12172790056.0,2241650112.0,6584815847.0,3537741942.0,6401968200.0
1999,48640671735.0,3677393999.0,5484263347.0,3389566713.0,808077223.4,11565826459.0,999477510.7,1534673583.0,1547888496.0,7892973532.0,4662992036.0,7718109982.0,12896010459.0,912773681.1,441800000.0,35975860857.0,4277903780.0,4402193195.0,46266428648.0,2537789821.0,59145077039.0,2157108767.0,6592834933.0,662838614.9,669384768.9,3045751528.0,151517000000.0,10682028340.0,12704334196.0,2226577204.0,5998563258.0,3404284891.0,6858013100.0
2000,54790398570.0,3519991440.0,5788329609.0,2968370088.0,870486065.9,10566579295.0,916777282.7,1388506772.0,1738093840.0,8242349618.0,5080483629.0,4982850662.0,12705350098.0,887291687.9,874000000.0,38270954138.0,4629247204.0,4726108622.0,43017455402.0,2241753193.0,69171451627.0,2068837212.0,6013185004.0,654212394.3,635874002.2,3412797450.0,151753000000.0,12257299147.0,13371767082.0,2106848752.0,6193246837.0,3600632111.0,6689957600.0
2001,59413400924.0,3666222635.0,5489608300.0,3190371081.0,876794723.1,10953485345.0,932648604.8,1710843377.0,1542477309.0,8231326016.0,5023265413.0,5314872854.0,12986007426.0,825706961.2,906000000.0,34112093927.0,5438332602.0,4675755867.0,43831480208.0,2448714704.0,73557840064.0,1966600292.0,6507824829.0,662064155.9,1074851475.0,2252847465.0,135430000000.0,15716361792.0,13563990022.0,2093498674.0,5840503869.0,4094441301.0,6777384700.0
2002,61516103406.0,4194342686.0,5438863983.0,3622350063.0,825394519.4,12417251342.0,996068144.9,1997005709.0,1432221739.0,7850809498.0,5335451100.0,6166197848.0,13147736899.0,775777238.6,927000000.0,20481889764.0,5351701663.0,4906494249.0,47077192188.0,2782192879.0,95054059303.0,1966004243.0,7006402320.0,742134837.5,1236235827.0,2192684135.0,129088000000.0,18137128388.0,14129651896.0,2410199032.0,6178563591.0,4193850445.0,6342116400.0
2003,73482264191.0,5349258094.0,7511582173.0,4740768143.0,784654423.6,15970315030.0,1142315523.0,2742815072.0,2197598466.0,8623691300.0,6511903365.0,7632723556.0,14904517650.0,1157825435.0,748000000.0,26265625000.0,6372498890.0,5894873920.0,58029363354.0,3394084732.0,104739000000.0,2138237346.0,8768721563.0,750847230.1,1369685677.0,2836724352.0,197019000000.0,21355298460.0,15211487709.0,2987984051.0,6606884275.0,4901869764.0,5727591800.0
2004,91913680985.0,6190270380.0,8957467707.0,5451688538.0,915257323.4,18826214125.0,1272360517.0,4422855661.0,2770082792.0,10131187261.0,7770219008.0,8881417907.0,16095337094.0,1511236656.0,897000000.0,33122307692.0,5064732626.0,6667418752.0,66114145451.0,3760443738.0,135765000000.0,2376495587.0,10076816667.0,893012218.2,1430217081.0,3859592813.0,255807000000.0,26646007251.0,16673062473.0,3191561509.0,7939487548.0,6221110219.0,5805598400.0
2005,107047000000.0,6567654954.0,9918907108.0,6146353173.0,1117113080.0,19509852220.0,1337894379.0,6649307524.0,3178112499.0,12401139454.0,9582783991.0,10744568381.0,18737895513.0,1682343527.0,949000000.0,47334691241.0,5859269753.0,6576108447.0,68852658069.0,4383315965.0,175671000000.0,2933819820.0,11009033438.0,977899381.8,1627058425.0,4683246454.0,288867000000.0,35182711988.0,18395383647.0,3221910408.0,9239221763.0,8331870169.0,5755215200.0
2006,123084000000.0,7034111315.0,9919158482.0,6547419820.0,1273375078.0,20910512979.0,1461859762.0,7428701454.0,3291330019.0,15280861835.0,10327598306.0,20885037597.0,25825512284.0,1800092564.0,1119000000.0,60094231607.0,6395712491.0,7028810681.0,75883823301.0,4756361252.0,238455000000.0,3319783952.0,11697918243.0,1081441283.0,1862116291.0,5026743282.0,303859000000.0,45263831634.0,18619859795.0,3320907722.0,9977647683.0,12756858899.0,5443896500.0
2007,142483000000.0,8169048383.0,10567270656.0,7625722837.0,1356199387.0,23928250409.0,1699811295.0,8650137743.0,3469381231.0,19707616773.0,12455409587.0,24827339138.0,31958195182.0,1682131785.0,1373000000.0,68032978391.0,8524620890.0,8150150209.0,86947913287.0,5731485052.0,278261000000.0,4070508543.0,13994218413.0,1077308814.0,2126679544.0,5430713729.0,333077000000.0,59440139775.0,21860434823.0,3759964943.0,11902564495.0,14056957976.0,5291950100.0
2008,180384000000.0,9787734526.0,10730829116.0,9451435490.0,1611835857.0,27715142006.0,1993407888.0,10393833765.0,3294084314.0,27066912635.0,15571348344.0,28679383241.0,35895153328.0,1766902709.0,1726000000.0,86710767415.0,10725137724.0,9990356674.0,101823000000.0,7297600226.0,339476000000.0,5179853221.0,16853989628.0,979597394.3,2451896435.0,5913620293.0,316131000000.0,64833083257.0,27947821398.0,4578849658.0,14440404132.0,17910858638.0,4415702800.0
2009,150317000000.0,9738626517.0,10118459242.0,9450696873.0,1781455140.0,27932970297.0,2067381665.0,9290728319.0,3580428053.0,32437389116.0,12113699068.0,26048720006.0,42347217913.0,1740894965.0,1768000000.0,60808562033.0,9616879409.0,9128843109.0,101155000000.0,7352131310.0,295009000000.0,5674476707.0,16145867495.0,850901620.4,2419014960.0,2948594552.0,329754000000.0,51621044077.0,29400573554.0,4721890900.0,25127805567.0,15328342304.0,9665793300.0
2010,177785000000.0,9535345016.0,12637273429.0,10109619741.0,2032135192.0,27507501809.0,2142591540.0,10668103554.0,4438765086.0,29933790334.0,14372593020.0,32197655567.0,45405615064.0,2234754242.0,1998000000.0,75380825062.0,9982711338.0,10003670690.0,100865000000.0,7851192502.0,366990000000.0,6124756894.0,16121315909.0,981616542.3,2578159804.0,2687807004.0,417364000000.0,58962978034.0,32012892919.0,4746389532.0,26673441431.0,20265559484.0,12041655200.0
2011,218332000000.0,10693321364.0,15110643612.0,12080295978.0,2235820809.0,30630910513.0,2437982705.0,12172308851.0,4820478680.0,31952763089.0,18210307744.0,39336668081.0,46869473151.0,2579409620.0,2398000000.0,48169263294.0,11551819618.0,11518413430.0,110081000000.0,8772950778.0,414467000000.0,6884912957.0,17814283639.0,1058918707.0,2932274309.0,2906000097.0,458199000000.0,55018567211.0,34657140096.0,5422442166.0,27871725241.0,23459515276.0,14101920300.0
2012,227144000000.0,11141358116.0,13907464500.0,12561015157.0,2333341334.0,30155062302.0,2510126512.0,12367362757.0,4886551484.0,43310721414.0,17170464016.0,41271701061.0,56396704672.0,2477702216.0,2791614000.0,92540938129.0,11578975062.0,11668696397.0,106937000000.0,9426912648.0,463971000000.0,7654762345.0,17660870412.0,1089407839.0,3789251613.0,4041702389.0,434401000000.0,37632919967.0,39650394363.0,5413544659.0,27305915911.0,25503060420.0,17114849900.0
2013,229701000000.0,12517845124.0,14271738933.0,13444300486.0,2451606632.0,33728621190.0,1691544110.0,12953534866.0,4597552982.0,47648276605.0,17595744798.0,62824629066.0,61671440408.0,2367112932.0,3177198100.0,75351107029.0,12423555455.0,12292974141.0,115739000000.0,10224897438.0,520117000000.0,7819963627.0,18918667725.0,1333160407.0,4920343317.0,5836021227.0,400886000000.0,43024018082.0,45648857242.0,6021732977.0,28915786517.0,28037239463.0,19091020000.0
2014,238943000000.0,13284527847.0,15470088501.0,13943016077.0,2705783330.0,36386544715.0,1894813389.0,13940767219.0,4422986272.0,55612228234.0,18203966896.0,54783319817.0,68285796514.0,2441063054.0,3225652000.0,57372355592.0,12522957399.0,13074129952.0,119131000000.0,10862943544.0,574184000000.0,8238966247.0,19797253440.0,1387577870.0,5015180725.0,6537360533.0,381199000000.0,49516748618.0,49986726461.0,6393318262.0,32612397257.0,27141023558.0,19495519600.0
2015,187494000000.0,11388160997.0,13530748845.0,11832159316.0,3104003546.0,32210233021.0,1695825714.0,10950392257.0,4063245671.0,64589328551.0,14383107763.0,49406010054.0,70120446897.0,2359686725.0,3227075700.0,48717501321.0,11323020701.0,12007291046.0,110414000000.0,9683867926.0,493027000000.0,8543759089.0,17774766696.0,1432403352.0,4252029354.0,6984947145.0,346710000000.0,51726758677.0,47413919817.0,5755461035.0,32387183730.0,21251216799.0,19963120600.0
2016,180764000000.0,11821065853.0,15082637184.0,12833363045.0,2644487777.0,33814337041.0,1825018145.0,10097778098.0,3816019193.0,74296745208.0,14023890265.0,56164929305.0,74815144164.0,2114426454.0,3398419600.0,49912073701.0,11848613858.0,12594155464.0,111573000000.0,10398861982.0,404649000000.0,8695272095.0,19040312333.0,1568513348.0,3862721266.0,7390796617.0,323586000000.0,42630376000.0,49774409374.0,6071170959.0,29203988696.0,20958412538.0,20548678100.0
2017,189881000000.0,12701655837.0,16105155857.0,14106955615.0,2723586963.0,36098547059.0,2072349973.0,10000394381.0,4402969226.0,81770886826.0,14929487485.0,60405924079.0,82036510877.0,2306741674.0,3390703400.0,67157452182.0,13176313594.0,13713506131.0,118541000000.0,11185104252.0,375746000000.0,9252834120.0,20996562944.0,1675370641.0,3719443418.0,8252394373.0,381449000000.0,41283617976.0,53274884533.0,6387422518.0,30744473841.0,25873601261.0,17584890937.0
2018,194554000000.0,14262408090.0,17031943186.0,15890066221.0,2667182200.0,39955552190.0,2220979146.0,11239167898.0,4666598024.0,84269196626.0,16867326390.0,67298914624.0,92202979985.0,2556247292.0,3422754800.0,76686029772.0,13760033282.0,14735695931.0,127341000000.0,12837307497.0,421739000000.0,9637904553.0,23116701556.0,1784313927.0,4085114388.0,8278212314.0,405261000000.0,32333780383.0,57003712892.0,7029300383.0,32927025620.0,26311507274.0,34156069918.0
2019,193460000000.0,14390708751.0,16725908149.0,16032813502.0,2576518880.0,39667757528.0,2221301351.0,11314951092.0,4495267266.0,95912607722.0,16874405460.0,68337969248.0,100378000000.0,2390702296.0,3319596500.0,72081962263.0,14104664679.0,14436346980.0,128920000000.0,12889555561.0,474517000000.0,10349299856.0,23403995992.0,1868690097.0,4076578699.0,9420431258.0,389330000000.0,32338079165.0,61026731926.0,6992700101.0,35348155095.0,23308667781.0,21832234926.0
2020,164873000000.0,15686741884.0,14960291106.0,17725010531.0,2649680261.0,40773241177.0,2326720900.0,10715396042.0,3982236694.0,107658000000.0,15314577168.0,70043095504.0,100658000000.0,2053338465.0,3176126340.0,65688454972.0,13051441204.0,11408106446.0,121354000000.0,13744653103.0,432199000000.0,10174387614.0,24530513038.0,1382551752.0,4062906266.0,9204140383.0,338291000000.0,27034593750.0,66068737786.0,7400284168.0,37600368240.0,18137764931.0,21509698406.0
2021,186265000000.0,17687623530.0,18750946600.0,19643166854.0,2775798697.0,44993521774.0,2516498412.0,11779981332.0,4850842541.0,111262000000.0,20217946921.0,79524421861.0,109704000000.0,2406780519.0,3513049520.0,47786789104.0,14554754117.0,11484348766.0,141818000000.0,14915002436.0,440839000000.0,11069280277.0,27520784130.0,1487173795.0,4249234704.0,9838711529.0,420118000000.0,34229513775.0,70655628148.0,8342243646.0,40529788744.0,22096416932.0,28371238666.0
2022,225560000000.0,17425418044.0,20321958850.0,18820219331.0,3338722828.0,43644068311.0,2382618615.0,12396807590.0,4790922789.0,126773000000.0,21071739228.0,74263364042.0,113420000000.0,2289355249.0,4001047000.0,55938727098.0,15302510500.0,12927979286.0,130913000000.0,15433852712.0,472625000000.0,13316160804.0,27619479060.0,2057968520.0,4094563859.0,10419541202.0,405271000000.0,51666875363.0,75769974505.0,8169476149.0,45565333216.0,29163782140.0,27366627153.0
2023,239899000000.0,19673284686.0,19395765126.0,20324617839.0,2642161669.0,47945510090.0,2555492085.0,13149325359.0,4597855845.0,163698000000.0,20516134389.0,76370394412.0,107441000000.0,2046039024.0,4332000000.0,50491722446.0,16031702915.0,14397127281.0,141109000000.0,16819170421.0,362815000000.0,14097768648.0,31013986429.0,2141450171.0,3809832237.0,11679800110.0,377782000000.0,109327000000.0,79158286334.0,9171261835.0,49272882214.0,28162630954.0,26538273499.0
